id,City,Latitude,Longitude,Weather,Humidity,Temperature
1,Mont Saint-Michel,48.6359541,-1.511459954959514,Clear,87.0,2.396
2,Saint-Malo,48.649518,-2.0260409,Clouds,85.4,3.996
3,Bayeux,49.2764624,-0.7024738,Clear,84.6,2.016
4,Le Havre,49.4938975,0.1079732,Clear,76.2,4.3180000000000005
5,Rouen,49.4404591,1.0939658,Clear,82.8,1.982
6,Paris,48.8588897,2.3200410217200766,Clear,68.0,3.858
7,Amiens,49.8941708,2.2956951,Clear,76.2,1.8540000000000003
8,Lille,50.6365654,3.0635282,Clear,71.0,2.592
9,Strasbourg,48.584614,7.7507127,Clear,72.6,2.568
10,Château du Haut-Kœnigsbourg,48.24941075,7.344320233724503,Clear,80.0,-0.76
11,Colmar,48.0777517,7.3579641,Clouds,78.8,2.104
12,Eguisheim,48.0447968,7.3079618,Clouds,78.8,2.0
13,Besançon,47.2380222,6.0243622,Clear,88.0,2.1920000000000006
14,Dijon,47.3215806,5.0414701,Clear,85.6,1.966
15,Annecy,45.8992348,6.1288847,Clouds,88.0,3.856
16,Grenoble,45.1875602,5.7357819,Clouds,92.4,4.658
17,Lyon,45.7578137,4.8320114,Clouds,78.0,4.322
18,Gorges du Verdon,43.7496562,6.3285616,Rain,81.6,4.504
19,Bormes-les-Mimosas,43.1506968,6.3419285,Rain,85.0,9.458
20,Cassis,43.2140359,5.5396318,Rain,83.0,9.986
21,Marseille,43.2961743,5.3699525,Rain,82.8,10.708
22,Aix-en-Provence,43.5298424,5.4474738,Rain,84.8,9.4
23,Avignon,43.9492493,4.8059012,Clouds,74.6,7.006
24,Uzès,44.0121279,4.4196718,Clouds,76.8,5.924
25,Nîmes,43.8374249,4.3600687,Clouds,76.6,6.85
26,Aigues-Mortes,43.5661521,4.19154,Rain,82.4,7.49
27,Saintes-Maries-de-la-Mer,43.4515922,4.4277202,Rain,79.2,7.673999999999999
28,Collioure,42.52505,3.0831554,Clouds,62.6,8.956
29,Carcassonne,43.2130358,2.3491069,Clouds,69.0,6.812
30,Ariège,42.9455368,1.4065544156065486,Clouds,87.0,0.3179999999999999
31,Toulouse,43.6044622,1.4442469,Clouds,73.0,5.822
32,Montauban,44.0175835,1.3549991,Clouds,75.2,5.352
33,Biarritz,43.47114375,-1.552726590666314,Clouds,80.6,8.742
34,Bayonne,43.4945144,-1.4736657,Clouds,82.2,8.234
35,La Rochelle,46.159732,-1.1515951,Clear,78.8,5.279999999999999
